{"stats":{"minecraft:custom":{"minecraft:jump":16,"minecraft:time_since_rest":625,"minecraft:crouch_one_cm":315,"minecraft:leave_game":1,"minecraft:sprint_one_cm":1626,"minecraft:play_time":625,"minecraft:time_since_death":625,"minecraft:walk_one_cm":1881,"minecraft:sneak_time":109,"minecraft:total_world_time":625,"minecraft:fall_one_cm":1103,"minecraft:fly_one_cm":2428},"minecraft:picked_up":{"minecraft:acacia_log":1},"minecraft:mined":{"minecraft:acacia_log":1},"minecraft:used":{"minecraft:acacia_log":1}},"DataVersion":3120}